account_id,customer_id,account_type,balance,currency,status,created_at
1,1,SAVINGS,1348.04,USD,ACTIVE,2024-05-14 08:13:02
2,1,SAVINGS,36849.91,USD,ACTIVE,2024-05-27 08:13:02
3,1,FIXED_DEPOSIT,4438.25,USD,ACTIVE,2024-05-19 08:13:02
4,2,SAVINGS,11709.78,USD,ACTIVE,2021-01-05 02:51:18
5,3,FIXED_DEPOSIT,32529.23,USD,ACTIVE,2023-06-21 02:32:05
6,4,FIXED_DEPOSIT,13981.72,USD,ACTIVE,2021-03-03 11:30:46
7,4,SAVINGS,34937.16,USD,ACTIVE,2021-02-14 11:30:46
8,5,CHECKING,5200.29,USD,ACTIVE,2022-04-20 11:59:15
9,6,FIXED_DEPOSIT,13299.59,USD,ACTIVE,2020-04-16 18:30:44
10,6,FIXED_DEPOSIT,6328.83,USD,ACTIVE,2020-05-14 18:30:44
11,7,CHECKING,41487.29,USD,INACTIVE,2021-04-16 16:12:56
12,7,CHECKING,28909.87,USD,ACTIVE,2021-04-19 16:12:56
13,7,FIXED_DEPOSIT,11472.12,USD,CLOSED,2021-04-06 16:12:56
14,8,SAVINGS,19068.3,USD,ACTIVE,2020-12-27 16:31:26
15,9,SAVINGS,18572.03,USD,ACTIVE,2024-01-21 10:46:00
16,9,FIXED_DEPOSIT,46839.06,USD,ACTIVE,2024-02-04 10:46:00
17,10,SAVINGS,26753.58,USD,ACTIVE,2022-02-18 09:52:48
18,10,CHECKING,13570.4,USD,ACTIVE,2022-03-12 09:52:48
19,10,FIXED_DEPOSIT,11058.8,USD,ACTIVE,2022-02-21 09:52:48
20,11,SAVINGS,41107.95,USD,ACTIVE,2024-05-17 16:21:52
21,12,SAVINGS,10628.04,USD,ACTIVE,2020-06-12 18:34:40
22,12,FIXED_DEPOSIT,15802.43,USD,ACTIVE,2020-06-02 18:34:40
23,13,CHECKING,7229.29,USD,ACTIVE,2022-10-11 04:28:22
24,13,FIXED_DEPOSIT,26994.97,USD,ACTIVE,2022-10-30 04:28:22
25,13,FIXED_DEPOSIT,20030.09,USD,CLOSED,2022-10-14 04:28:22
26,14,FIXED_DEPOSIT,24726.44,USD,ACTIVE,2020-03-30 18:53:49
27,15,SAVINGS,31409.56,USD,ACTIVE,2022-02-16 20:23:24
28,16,SAVINGS,19299.89,USD,CLOSED,2020-05-25 18:17:42
29,16,FIXED_DEPOSIT,12645.56,USD,INACTIVE,2020-05-23 18:17:42
30,16,SAVINGS,34046.14,USD,ACTIVE,2020-05-09 18:17:42
31,17,CHECKING,38453.08,USD,ACTIVE,2021-12-14 08:48:16
32,17,CHECKING,7992.07,USD,CLOSED,2021-12-04 08:48:16
33,17,FIXED_DEPOSIT,13243.11,USD,ACTIVE,2021-12-20 08:48:16
34,18,SAVINGS,43538.88,USD,ACTIVE,2023-05-30 18:46:53
35,18,FIXED_DEPOSIT,30487.61,USD,ACTIVE,2023-05-25 18:46:53
36,18,SAVINGS,27015.01,USD,INACTIVE,2023-06-14 18:46:53
37,19,FIXED_DEPOSIT,16275.39,USD,ACTIVE,2024-02-03 10:35:23
38,20,CHECKING,12048.67,USD,INACTIVE,2024-06-24 23:55:27
39,20,SAVINGS,4374.11,USD,ACTIVE,2024-07-02 23:55:27
40,21,SAVINGS,6506.73,USD,INACTIVE,2021-05-03 06:48:37
41,21,SAVINGS,13326.33,USD,ACTIVE,2021-05-15 06:48:37
42,21,SAVINGS,46452.78,USD,ACTIVE,2021-05-12 06:48:37
43,22,FIXED_DEPOSIT,15654.64,USD,ACTIVE,2022-02-17 13:10:14
44,23,FIXED_DEPOSIT,22629.16,USD,ACTIVE,2021-12-18 01:16:41
45,23,CHECKING,1149.61,USD,ACTIVE,2021-12-28 01:16:41
46,24,SAVINGS,3642.55,USD,ACTIVE,2021-09-08 19:41:25
47,25,SAVINGS,42995.81,USD,ACTIVE,2020-07-29 21:00:11
48,26,FIXED_DEPOSIT,24322.18,USD,ACTIVE,2024-12-18 11:59:41
49,26,FIXED_DEPOSIT,28852.96,USD,ACTIVE,2024-12-08 11:59:41
50,27,SAVINGS,4806.86,USD,ACTIVE,2021-09-01 12:40:33
51,27,CHECKING,20614.0,USD,ACTIVE,2021-09-07 12:40:33
52,28,FIXED_DEPOSIT,49209.84,USD,ACTIVE,2023-08-10 20:33:07
53,28,FIXED_DEPOSIT,17031.2,USD,ACTIVE,2023-09-03 20:33:07
54,28,SAVINGS,9591.42,USD,ACTIVE,2023-08-21 20:33:07
55,29,CHECKING,23185.14,USD,INACTIVE,2021-10-31 09:44:40
56,30,FIXED_DEPOSIT,4985.65,USD,CLOSED,2022-09-22 07:56:10
57,30,SAVINGS,48452.91,USD,ACTIVE,2022-10-01 07:56:10
58,31,SAVINGS,20380.06,USD,ACTIVE,2022-12-04 15:22:30
59,32,SAVINGS,8315.39,USD,CLOSED,2020-05-28 05:57:34
60,32,CHECKING,46333.25,USD,ACTIVE,2020-06-22 05:57:34
61,33,FIXED_DEPOSIT,47870.15,USD,ACTIVE,2020-05-13 21:34:38
62,33,FIXED_DEPOSIT,24384.9,USD,ACTIVE,2020-04-24 21:34:38
63,34,FIXED_DEPOSIT,36813.29,USD,ACTIVE,2022-12-09 02:04:31
64,35,SAVINGS,29250.46,USD,INACTIVE,2023-05-10 21:03:39
65,36,SAVINGS,2938.29,USD,ACTIVE,2022-10-15 21:00:05
66,36,SAVINGS,3519.21,USD,ACTIVE,2022-10-01 21:00:05
67,36,SAVINGS,20248.4,USD,INACTIVE,2022-10-29 21:00:05
68,37,FIXED_DEPOSIT,29766.51,USD,ACTIVE,2021-07-05 22:32:27
69,38,FIXED_DEPOSIT,28304.82,USD,INACTIVE,2021-07-09 03:54:41
70,38,SAVINGS,33519.33,USD,ACTIVE,2021-07-09 03:54:41
71,38,CHECKING,6630.83,USD,ACTIVE,2021-07-19 03:54:41
72,39,SAVINGS,564.84,USD,CLOSED,2024-12-28 20:15:18
73,39,SAVINGS,3755.71,USD,ACTIVE,2024-12-15 20:15:18
74,40,CHECKING,44055.12,USD,ACTIVE,2023-03-12 01:43:11
75,41,SAVINGS,21965.41,USD,ACTIVE,2024-01-10 18:11:28
76,41,FIXED_DEPOSIT,49194.28,USD,ACTIVE,2024-01-18 18:11:28
77,42,FIXED_DEPOSIT,40873.5,USD,INACTIVE,2023-05-11 15:37:39
78,43,SAVINGS,13296.85,USD,ACTIVE,2024-12-18 17:26:20
79,44,SAVINGS,13690.18,USD,ACTIVE,2021-01-20 15:37:51
80,44,CHECKING,10259.51,USD,INACTIVE,2021-01-21 15:37:51
81,44,FIXED_DEPOSIT,24477.74,USD,INACTIVE,2021-01-29 15:37:51
82,45,SAVINGS,31750.79,USD,ACTIVE,2021-12-22 18:03:41
83,46,CHECKING,38578.85,USD,CLOSED,2024-10-19 13:39:46
84,47,FIXED_DEPOSIT,22147.59,USD,ACTIVE,2024-03-06 23:20:59
85,48,SAVINGS,3854.67,USD,ACTIVE,2022-10-11 10:24:07
86,49,FIXED_DEPOSIT,1897.8,USD,ACTIVE,2022-12-31 00:49:10
87,50,CHECKING,6459.53,USD,ACTIVE,2022-10-07 07:10:20
88,51,CHECKING,10582.82,USD,ACTIVE,2024-10-14 06:14:18
89,52,FIXED_DEPOSIT,44218.32,USD,CLOSED,2021-02-05 11:03:55
90,52,FIXED_DEPOSIT,7812.21,USD,ACTIVE,2021-02-21 11:03:55
91,53,SAVINGS,44082.67,USD,ACTIVE,2020-09-18 13:51:11
92,54,CHECKING,40131.53,USD,ACTIVE,2023-02-09 12:29:56
93,54,SAVINGS,13413.6,USD,ACTIVE,2023-02-07 12:29:56
94,55,SAVINGS,42943.8,USD,ACTIVE,2023-10-03 01:08:49
95,55,CHECKING,17547.96,USD,ACTIVE,2023-10-22 01:08:49
96,56,SAVINGS,1280.86,USD,ACTIVE,2024-11-05 06:44:06
97,57,SAVINGS,48347.77,USD,ACTIVE,2024-10-23 17:10:48
98,57,FIXED_DEPOSIT,20043.95,USD,ACTIVE,2024-11-10 17:10:48
99,58,SAVINGS,43864.22,USD,ACTIVE,2023-03-06 21:49:17
100,59,SAVINGS,5509.29,USD,ACTIVE,2020-12-22 17:24:22
101,59,CHECKING,21876.05,USD,ACTIVE,2020-12-25 17:24:22
102,60,SAVINGS,12810.65,USD,ACTIVE,2023-01-18 17:45:00
103,60,FIXED_DEPOSIT,46286.2,USD,ACTIVE,2023-01-13 17:45:00
104,60,FIXED_DEPOSIT,36878.18,USD,ACTIVE,2023-01-02 17:45:00
105,61,FIXED_DEPOSIT,46046.47,USD,ACTIVE,2020-09-09 08:26:02
106,62,FIXED_DEPOSIT,45012.34,USD,ACTIVE,2023-11-24 14:48:49
107,63,CHECKING,20179.78,USD,ACTIVE,2023-01-28 22:44:01
108,63,SAVINGS,21080.27,USD,ACTIVE,2023-02-18 22:44:01
109,64,SAVINGS,30814.19,USD,ACTIVE,2021-04-10 12:08:26
110,64,SAVINGS,15263.36,USD,ACTIVE,2021-04-07 12:08:26
111,64,FIXED_DEPOSIT,30372.41,USD,ACTIVE,2021-04-11 12:08:26
112,65,FIXED_DEPOSIT,10763.7,USD,ACTIVE,2025-01-05 00:04:44
113,65,FIXED_DEPOSIT,8567.6,USD,ACTIVE,2024-12-23 00:04:44
114,66,FIXED_DEPOSIT,31001.11,USD,ACTIVE,2024-09-14 20:27:43
115,66,SAVINGS,33672.5,USD,ACTIVE,2024-09-19 20:27:43
116,66,SAVINGS,1318.83,USD,CLOSED,2024-09-19 20:27:43
117,67,SAVINGS,22825.27,USD,ACTIVE,2023-05-26 03:24:28
118,67,SAVINGS,35945.46,USD,ACTIVE,2023-05-10 03:24:28
119,67,SAVINGS,7463.81,USD,ACTIVE,2023-05-20 03:24:28
120,68,CHECKING,11020.17,USD,CLOSED,2022-12-23 13:19:52
121,69,CHECKING,2605.9,USD,INACTIVE,2021-10-20 20:02:10
122,69,SAVINGS,22877.45,USD,ACTIVE,2021-11-07 20:02:10
123,69,FIXED_DEPOSIT,49395.83,USD,ACTIVE,2021-11-01 20:02:10
124,70,FIXED_DEPOSIT,40768.82,USD,ACTIVE,2023-05-19 20:07:26
125,70,FIXED_DEPOSIT,22351.09,USD,ACTIVE,2023-04-26 20:07:26
126,71,CHECKING,13033.66,USD,ACTIVE,2023-11-29 13:39:27
127,71,CHECKING,38314.1,USD,ACTIVE,2023-12-08 13:39:27
128,72,CHECKING,22049.64,USD,ACTIVE,2021-05-15 00:06:03
129,73,CHECKING,16053.51,USD,ACTIVE,2023-03-27 10:33:56
130,73,SAVINGS,11639.95,USD,ACTIVE,2023-04-01 10:33:56
131,74,SAVINGS,20801.91,USD,ACTIVE,2020-08-26 20:19:15
132,75,SAVINGS,10421.04,USD,ACTIVE,2021-06-15 16:07:59
133,75,FIXED_DEPOSIT,47308.5,USD,INACTIVE,2021-06-02 16:07:59
134,76,CHECKING,23901.29,USD,ACTIVE,2023-05-03 23:07:12
135,76,CHECKING,42687.05,USD,ACTIVE,2023-05-03 23:07:12
136,76,FIXED_DEPOSIT,37401.03,USD,ACTIVE,2023-04-20 23:07:12
137,77,CHECKING,11049.14,USD,ACTIVE,2023-08-17 17:32:06
138,78,CHECKING,33476.79,USD,ACTIVE,2024-11-17 20:44:41
139,78,SAVINGS,42041.23,USD,ACTIVE,2024-11-21 20:44:41
140,79,FIXED_DEPOSIT,1445.63,USD,ACTIVE,2022-09-18 23:56:07
141,79,FIXED_DEPOSIT,1452.39,USD,ACTIVE,2022-09-26 23:56:07
142,79,CHECKING,9168.28,USD,ACTIVE,2022-09-14 23:56:07
143,80,CHECKING,16409.61,USD,INACTIVE,2024-12-30 20:58:57
144,81,CHECKING,12688.35,USD,ACTIVE,2021-09-08 05:13:48
145,81,FIXED_DEPOSIT,27017.01,USD,ACTIVE,2021-10-06 05:13:48
146,82,SAVINGS,39083.53,USD,ACTIVE,2022-12-01 12:19:10
147,82,SAVINGS,47485.63,USD,ACTIVE,2022-11-17 12:19:10
148,82,FIXED_DEPOSIT,7703.88,USD,ACTIVE,2022-11-15 12:19:10
149,83,FIXED_DEPOSIT,47393.08,USD,ACTIVE,2022-09-14 11:45:37
150,84,SAVINGS,30334.05,USD,ACTIVE,2024-07-23 15:48:23
151,84,SAVINGS,38911.82,USD,CLOSED,2024-06-28 15:48:23
152,85,FIXED_DEPOSIT,1381.35,USD,ACTIVE,2020-04-11 16:44:39
153,86,CHECKING,47079.38,USD,ACTIVE,2024-09-12 08:35:56
154,86,FIXED_DEPOSIT,41545.52,USD,ACTIVE,2024-09-13 08:35:56
155,87,FIXED_DEPOSIT,30060.54,USD,ACTIVE,2020-10-26 17:08:54
156,87,FIXED_DEPOSIT,39153.5,USD,ACTIVE,2020-11-03 17:08:54
157,88,CHECKING,3540.94,USD,ACTIVE,2020-02-02 11:19:23
158,88,CHECKING,41134.31,USD,ACTIVE,2020-01-16 11:19:23
159,88,CHECKING,31815.7,USD,ACTIVE,2020-02-08 11:19:23
160,89,CHECKING,8889.23,USD,CLOSED,2023-02-12 07:20:44
161,90,FIXED_DEPOSIT,40429.14,USD,ACTIVE,2021-09-08 03:25:38
162,90,CHECKING,21835.17,USD,ACTIVE,2021-09-14 03:25:38
163,91,SAVINGS,41553.48,USD,ACTIVE,2020-05-15 08:26:45
164,91,CHECKING,12268.79,USD,ACTIVE,2020-05-27 08:26:45
165,92,CHECKING,16886.19,USD,INACTIVE,2023-04-23 08:28:41
166,92,SAVINGS,24428.74,USD,ACTIVE,2023-04-19 08:28:41
167,92,CHECKING,14054.96,USD,ACTIVE,2023-04-27 08:28:41
168,93,FIXED_DEPOSIT,606.54,USD,ACTIVE,2023-09-15 21:26:57
169,93,SAVINGS,36031.73,USD,ACTIVE,2023-08-31 21:26:57
170,94,FIXED_DEPOSIT,23857.05,USD,ACTIVE,2024-05-18 04:06:50
171,95,SAVINGS,14782.36,USD,ACTIVE,2023-05-22 20:54:53
172,96,FIXED_DEPOSIT,29119.62,USD,ACTIVE,2021-09-10 01:26:43
173,96,CHECKING,21332.64,USD,ACTIVE,2021-09-18 01:26:43
174,97,FIXED_DEPOSIT,22741.89,USD,ACTIVE,2022-06-02 12:13:42
175,97,SAVINGS,36092.09,USD,ACTIVE,2022-06-03 12:13:42
176,98,FIXED_DEPOSIT,9338.98,USD,ACTIVE,2024-05-02 19:39:14
177,98,CHECKING,36256.79,USD,ACTIVE,2024-05-20 19:39:14
178,98,CHECKING,49027.48,USD,ACTIVE,2024-05-22 19:39:14
179,99,CHECKING,9054.13,USD,ACTIVE,2020-09-12 13:32:33
180,100,CHECKING,2371.23,USD,ACTIVE,2020-02-01 13:00:24
181,101,SAVINGS,31929.7,USD,ACTIVE,2021-04-13 02:20:33
182,101,SAVINGS,28745.8,USD,ACTIVE,2021-04-04 02:20:33
183,101,CHECKING,9299.75,USD,ACTIVE,2021-03-21 02:20:33
184,102,SAVINGS,41123.57,USD,ACTIVE,2024-12-01 14:28:33
185,102,FIXED_DEPOSIT,31509.34,USD,ACTIVE,2024-11-20 14:28:33
186,103,CHECKING,4350.53,USD,ACTIVE,2021-07-07 11:30:37
187,103,CHECKING,30355.25,USD,ACTIVE,2021-07-25 11:30:37
188,103,FIXED_DEPOSIT,19080.86,USD,ACTIVE,2021-07-29 11:30:37
189,104,CHECKING,15338.47,USD,ACTIVE,2021-03-11 13:56:12
190,104,FIXED_DEPOSIT,5051.76,USD,ACTIVE,2021-03-16 13:56:12
191,104,SAVINGS,13305.84,USD,ACTIVE,2021-02-22 13:56:12
192,105,FIXED_DEPOSIT,3845.74,USD,ACTIVE,2020-08-29 22:59:13
193,106,FIXED_DEPOSIT,23548.63,USD,ACTIVE,2021-11-27 05:12:00
194,106,FIXED_DEPOSIT,14207.65,USD,ACTIVE,2021-12-23 05:12:00
195,106,FIXED_DEPOSIT,11747.85,USD,ACTIVE,2021-12-04 05:12:00
196,107,FIXED_DEPOSIT,33093.03,USD,ACTIVE,2021-09-27 15:05:14
197,107,SAVINGS,27273.66,USD,ACTIVE,2021-09-18 15:05:14
198,107,CHECKING,41348.89,USD,ACTIVE,2021-08-31 15:05:14
199,108,FIXED_DEPOSIT,37472.99,USD,INACTIVE,2020-08-13 23:01:11
200,108,CHECKING,6305.25,USD,ACTIVE,2020-08-17 23:01:11
201,109,CHECKING,25073.56,USD,ACTIVE,2022-01-16 20:52:57
202,109,FIXED_DEPOSIT,2089.05,USD,ACTIVE,2022-01-14 20:52:57
203,110,CHECKING,1390.66,USD,CLOSED,2023-10-02 18:05:13
204,110,FIXED_DEPOSIT,29397.43,USD,CLOSED,2023-09-25 18:05:13
205,110,FIXED_DEPOSIT,41088.92,USD,ACTIVE,2023-10-13 18:05:13
206,111,CHECKING,25996.3,USD,INACTIVE,2023-12-17 01:50:54
207,112,FIXED_DEPOSIT,21850.66,USD,ACTIVE,2024-01-22 16:50:58
208,113,CHECKING,17463.26,USD,ACTIVE,2020-08-06 01:57:45
209,114,SAVINGS,16557.2,USD,ACTIVE,2020-12-22 05:44:34
210,115,CHECKING,40696.95,USD,ACTIVE,2022-07-28 22:18:56
211,115,SAVINGS,15794.41,USD,ACTIVE,2022-07-21 22:18:56
212,115,CHECKING,43259.04,USD,CLOSED,2022-08-06 22:18:56
213,116,FIXED_DEPOSIT,23152.62,USD,ACTIVE,2022-07-22 17:33:40
214,116,CHECKING,31169.43,USD,ACTIVE,2022-08-05 17:33:40
215,116,SAVINGS,10257.56,USD,ACTIVE,2022-08-07 17:33:40
216,117,CHECKING,44054.25,USD,ACTIVE,2023-09-23 21:09:04
217,117,FIXED_DEPOSIT,30482.7,USD,ACTIVE,2023-09-15 21:09:04
218,118,FIXED_DEPOSIT,782.36,USD,ACTIVE,2023-06-07 09:36:47
219,118,SAVINGS,23126.25,USD,ACTIVE,2023-05-28 09:36:47
220,119,CHECKING,46639.39,USD,ACTIVE,2022-08-08 12:14:41
221,120,CHECKING,41752.72,USD,ACTIVE,2022-10-11 09:20:12
222,120,FIXED_DEPOSIT,7317.63,USD,INACTIVE,2022-10-02 09:20:12
223,121,FIXED_DEPOSIT,43978.38,USD,ACTIVE,2024-08-04 08:08:34
224,121,CHECKING,17059.77,USD,ACTIVE,2024-08-02 08:08:34
225,121,SAVINGS,14213.67,USD,ACTIVE,2024-07-17 08:08:34
226,122,FIXED_DEPOSIT,24533.05,USD,ACTIVE,2022-02-14 03:29:09
227,122,CHECKING,17321.68,USD,ACTIVE,2022-02-27 03:29:09
228,122,CHECKING,22821.7,USD,INACTIVE,2022-02-20 03:29:09
229,123,SAVINGS,28632.7,USD,INACTIVE,2023-10-05 08:08:00
230,123,CHECKING,2278.0,USD,ACTIVE,2023-10-21 08:08:00
231,123,CHECKING,19365.33,USD,ACTIVE,2023-10-19 08:08:00
232,124,SAVINGS,24816.9,USD,ACTIVE,2023-01-15 11:09:35
233,124,FIXED_DEPOSIT,16666.54,USD,INACTIVE,2023-01-17 11:09:35
234,124,CHECKING,5075.61,USD,ACTIVE,2023-02-12 11:09:35
235,125,SAVINGS,20557.93,USD,CLOSED,2021-11-18 05:50:08
236,125,SAVINGS,23527.58,USD,ACTIVE,2021-11-06 05:50:08
237,125,FIXED_DEPOSIT,19934.42,USD,INACTIVE,2021-10-31 05:50:08
238,126,FIXED_DEPOSIT,19062.47,USD,ACTIVE,2022-08-01 15:25:01
239,126,CHECKING,43631.91,USD,ACTIVE,2022-07-23 15:25:01
240,126,SAVINGS,31594.93,USD,ACTIVE,2022-08-20 15:25:01
241,127,FIXED_DEPOSIT,4609.93,USD,ACTIVE,2022-08-05 10:46:25
242,128,SAVINGS,22239.56,USD,ACTIVE,2022-12-05 23:07:58
243,128,SAVINGS,2394.95,USD,ACTIVE,2022-12-08 23:07:58
244,128,CHECKING,18804.57,USD,ACTIVE,2022-11-17 23:07:58
245,129,FIXED_DEPOSIT,34121.84,USD,ACTIVE,2021-05-15 07:36:31
246,129,SAVINGS,30513.64,USD,ACTIVE,2021-05-22 07:36:31
247,130,CHECKING,45650.17,USD,ACTIVE,2023-11-21 18:25:34
248,131,CHECKING,23032.57,USD,ACTIVE,2023-08-13 11:27:28
249,131,CHECKING,45070.35,USD,ACTIVE,2023-08-13 11:27:28
250,131,SAVINGS,22142.32,USD,CLOSED,2023-08-03 11:27:28
251,132,FIXED_DEPOSIT,48105.25,USD,ACTIVE,2024-03-21 01:10:42
252,132,CHECKING,10040.93,USD,INACTIVE,2024-03-11 01:10:42
253,133,SAVINGS,19130.08,USD,ACTIVE,2020-08-17 23:05:30
254,134,CHECKING,1194.79,USD,ACTIVE,2020-07-17 23:14:25
255,134,CHECKING,504.09,USD,ACTIVE,2020-07-18 23:14:25
256,134,FIXED_DEPOSIT,48682.78,USD,ACTIVE,2020-07-20 23:14:25
257,135,CHECKING,38809.47,USD,ACTIVE,2020-06-23 22:52:18
258,135,CHECKING,11028.33,USD,ACTIVE,2020-06-22 22:52:18
259,136,FIXED_DEPOSIT,38396.79,USD,ACTIVE,2023-02-16 08:36:23
260,136,FIXED_DEPOSIT,4948.48,USD,ACTIVE,2023-02-15 08:36:23
261,136,CHECKING,39451.66,USD,ACTIVE,2023-01-27 08:36:23
262,137,SAVINGS,4597.66,USD,ACTIVE,2024-08-02 13:09:27
263,137,CHECKING,8864.44,USD,ACTIVE,2024-07-28 13:09:27
264,137,CHECKING,26589.53,USD,ACTIVE,2024-08-22 13:09:27
265,138,CHECKING,45711.04,USD,ACTIVE,2021-04-06 22:37:00
266,139,FIXED_DEPOSIT,43532.81,USD,ACTIVE,2022-06-16 19:23:21
267,139,SAVINGS,7123.78,USD,ACTIVE,2022-06-21 19:23:21
268,140,FIXED_DEPOSIT,33752.87,USD,CLOSED,2023-09-11 06:35:42
269,140,FIXED_DEPOSIT,18352.17,USD,ACTIVE,2023-09-24 06:35:42
270,140,CHECKING,26874.96,USD,ACTIVE,2023-09-13 06:35:42
271,141,FIXED_DEPOSIT,13181.85,USD,ACTIVE,2025-01-01 13:27:50
272,141,CHECKING,5506.47,USD,ACTIVE,2024-12-27 13:27:50
273,141,FIXED_DEPOSIT,44223.32,USD,ACTIVE,2025-01-06 13:27:50
274,142,SAVINGS,32417.85,USD,ACTIVE,2021-04-20 15:52:43
275,142,FIXED_DEPOSIT,15179.29,USD,ACTIVE,2021-04-13 15:52:43
276,142,SAVINGS,47318.45,USD,CLOSED,2021-04-09 15:52:43
277,143,SAVINGS,11816.52,USD,ACTIVE,2021-08-21 23:26:59
278,144,CHECKING,33557.26,USD,ACTIVE,2023-07-20 01:56:54
279,144,FIXED_DEPOSIT,21014.42,USD,ACTIVE,2023-07-20 01:56:54
280,145,FIXED_DEPOSIT,5041.18,USD,ACTIVE,2020-07-11 02:21:13
281,145,CHECKING,1732.54,USD,ACTIVE,2020-07-07 02:21:13
282,146,SAVINGS,42786.96,USD,CLOSED,2020-04-25 13:17:01
283,146,CHECKING,27268.85,USD,ACTIVE,2020-05-12 13:17:01
284,147,CHECKING,9571.45,USD,INACTIVE,2022-11-12 12:46:35
285,147,CHECKING,4674.5,USD,ACTIVE,2022-11-15 12:46:35
286,148,SAVINGS,2623.87,USD,ACTIVE,2021-08-28 12:10:52
287,148,SAVINGS,39370.21,USD,ACTIVE,2021-08-24 12:10:52
288,148,FIXED_DEPOSIT,10437.15,USD,ACTIVE,2021-08-24 12:10:52
289,149,CHECKING,38740.99,USD,INACTIVE,2023-02-10 23:09:26
290,150,CHECKING,42934.47,USD,CLOSED,2023-06-29 05:31:01
291,151,CHECKING,39945.84,USD,ACTIVE,2023-11-29 05:21:07
292,151,SAVINGS,6676.98,USD,ACTIVE,2023-12-07 05:21:07
293,151,SAVINGS,29483.76,USD,ACTIVE,2023-11-26 05:21:07
294,152,SAVINGS,37111.73,USD,ACTIVE,2024-11-04 21:50:42
295,153,CHECKING,22468.93,USD,ACTIVE,2024-08-02 10:15:09
296,154,CHECKING,25241.55,USD,ACTIVE,2023-04-27 01:07:15
297,155,FIXED_DEPOSIT,26120.42,USD,ACTIVE,2022-02-17 07:13:21
298,155,SAVINGS,3135.19,USD,ACTIVE,2022-02-18 07:13:21
299,155,CHECKING,34336.27,USD,ACTIVE,2022-02-18 07:13:21
300,156,SAVINGS,44973.41,USD,ACTIVE,2022-10-27 19:00:11
301,156,SAVINGS,6396.96,USD,ACTIVE,2022-11-05 19:00:11
302,157,FIXED_DEPOSIT,16326.75,USD,ACTIVE,2021-12-16 22:16:18
303,157,CHECKING,25327.0,USD,ACTIVE,2021-12-10 22:16:18
304,157,FIXED_DEPOSIT,5809.26,USD,ACTIVE,2021-12-17 22:16:18
305,158,FIXED_DEPOSIT,43288.07,USD,ACTIVE,2023-11-09 22:44:06
306,158,SAVINGS,20749.3,USD,ACTIVE,2023-11-22 22:44:06
307,158,CHECKING,36507.66,USD,ACTIVE,2023-11-06 22:44:06
308,159,CHECKING,18777.62,USD,ACTIVE,2021-07-27 21:07:52
309,159,CHECKING,3449.95,USD,ACTIVE,2021-08-18 21:07:52
310,159,CHECKING,4918.57,USD,ACTIVE,2021-08-15 21:07:52
311,160,FIXED_DEPOSIT,3093.05,USD,ACTIVE,2021-02-19 15:12:02
312,161,FIXED_DEPOSIT,6199.34,USD,INACTIVE,2023-07-04 10:05:43
313,161,CHECKING,43417.8,USD,ACTIVE,2023-07-16 10:05:43
314,162,FIXED_DEPOSIT,15691.2,USD,ACTIVE,2020-10-22 20:12:45
315,162,SAVINGS,7821.04,USD,ACTIVE,2020-11-03 20:12:45
316,163,CHECKING,42284.13,USD,ACTIVE,2021-06-25 13:48:57
317,164,FIXED_DEPOSIT,11385.34,USD,ACTIVE,2021-05-24 08:48:48
318,164,FIXED_DEPOSIT,30717.31,USD,ACTIVE,2021-05-31 08:48:48
319,165,FIXED_DEPOSIT,41490.09,USD,ACTIVE,2023-06-11 19:57:22
320,165,CHECKING,35164.67,USD,INACTIVE,2023-06-12 19:57:22
321,165,CHECKING,404.68,USD,ACTIVE,2023-06-30 19:57:22
322,166,CHECKING,3572.31,USD,ACTIVE,2023-04-09 04:54:31
323,166,SAVINGS,4678.71,USD,ACTIVE,2023-04-02 04:54:31
324,166,CHECKING,22736.92,USD,ACTIVE,2023-03-22 04:54:31
325,167,CHECKING,38864.1,USD,ACTIVE,2022-11-30 08:40:58
326,167,SAVINGS,7863.44,USD,ACTIVE,2022-12-06 08:40:58
327,167,FIXED_DEPOSIT,4170.92,USD,ACTIVE,2022-11-26 08:40:58
328,168,FIXED_DEPOSIT,22158.0,USD,ACTIVE,2022-04-17 20:15:15
329,168,FIXED_DEPOSIT,5779.49,USD,ACTIVE,2022-04-22 20:15:15
330,169,FIXED_DEPOSIT,29697.4,USD,ACTIVE,2021-04-25 07:58:29
331,169,SAVINGS,11103.87,USD,ACTIVE,2021-04-28 07:58:29
332,169,SAVINGS,15140.83,USD,ACTIVE,2021-04-15 07:58:29
333,170,CHECKING,16473.31,USD,ACTIVE,2024-08-14 21:37:45
334,170,CHECKING,8867.17,USD,ACTIVE,2024-08-26 21:37:45
335,171,FIXED_DEPOSIT,27980.31,USD,ACTIVE,2024-04-09 10:53:37
336,172,CHECKING,43102.04,USD,ACTIVE,2020-04-07 21:31:13
337,173,SAVINGS,43119.29,USD,ACTIVE,2023-07-13 03:08:06
338,173,CHECKING,35504.0,USD,ACTIVE,2023-07-08 03:08:06
339,174,SAVINGS,48313.36,USD,ACTIVE,2024-10-28 11:30:55
340,174,FIXED_DEPOSIT,23058.84,USD,INACTIVE,2024-11-14 11:30:55
341,175,CHECKING,42239.77,USD,ACTIVE,2021-10-22 20:44:34
342,176,FIXED_DEPOSIT,4024.49,USD,ACTIVE,2025-01-20 20:21:38
343,176,CHECKING,11156.45,USD,ACTIVE,2025-01-17 20:21:38
344,177,FIXED_DEPOSIT,5789.93,USD,ACTIVE,2022-08-12 08:55:16
345,177,CHECKING,17619.88,USD,ACTIVE,2022-08-26 08:55:16
346,177,SAVINGS,11889.82,USD,ACTIVE,2022-07-31 08:55:16
347,178,FIXED_DEPOSIT,7728.2,USD,ACTIVE,2022-12-09 21:08:51
348,179,FIXED_DEPOSIT,24756.44,USD,ACTIVE,2022-01-15 11:26:36
349,180,CHECKING,34088.56,USD,ACTIVE,2022-02-20 12:10:14
350,180,FIXED_DEPOSIT,49327.94,USD,INACTIVE,2022-02-02 12:10:14
351,180,FIXED_DEPOSIT,15875.33,USD,ACTIVE,2022-02-06 12:10:14
352,181,FIXED_DEPOSIT,15210.74,USD,ACTIVE,2024-10-11 12:17:05
353,181,CHECKING,25416.11,USD,ACTIVE,2024-10-12 12:17:05
354,182,SAVINGS,18500.01,USD,ACTIVE,2023-03-25 04:06:30
355,183,FIXED_DEPOSIT,29744.58,USD,ACTIVE,2022-12-25 09:45:04
356,184,FIXED_DEPOSIT,44804.25,USD,INACTIVE,2024-10-12 08:20:50
357,184,FIXED_DEPOSIT,32626.69,USD,ACTIVE,2024-10-08 08:20:50
358,184,FIXED_DEPOSIT,7627.97,USD,ACTIVE,2024-09-29 08:20:50
359,185,FIXED_DEPOSIT,4308.02,USD,ACTIVE,2024-03-14 22:27:25
360,185,SAVINGS,35410.32,USD,ACTIVE,2024-03-08 22:27:25
361,186,SAVINGS,18258.51,USD,ACTIVE,2023-04-18 23:44:10
362,186,CHECKING,38745.79,USD,ACTIVE,2023-04-10 23:44:10
363,186,FIXED_DEPOSIT,32400.54,USD,ACTIVE,2023-03-22 23:44:10
364,187,FIXED_DEPOSIT,19389.55,USD,ACTIVE,2024-08-19 09:18:41
365,187,FIXED_DEPOSIT,48224.06,USD,INACTIVE,2024-08-30 09:18:41
366,187,CHECKING,4166.95,USD,ACTIVE,2024-09-01 09:18:41
367,188,CHECKING,48388.06,USD,ACTIVE,2023-01-16 06:28:41
368,188,SAVINGS,29792.56,USD,ACTIVE,2023-01-24 06:28:41
369,189,CHECKING,32210.31,USD,ACTIVE,2022-02-17 04:03:23
370,189,FIXED_DEPOSIT,35171.26,USD,ACTIVE,2022-03-09 04:03:23
371,189,FIXED_DEPOSIT,45631.15,USD,ACTIVE,2022-02-09 04:03:23
372,190,FIXED_DEPOSIT,18155.22,USD,ACTIVE,2020-01-24 23:46:02
373,190,SAVINGS,17152.44,USD,ACTIVE,2020-02-06 23:46:02
374,191,SAVINGS,7831.76,USD,ACTIVE,2020-12-01 08:12:27
375,192,FIXED_DEPOSIT,38566.65,USD,ACTIVE,2020-07-11 07:51:58
376,193,SAVINGS,33130.27,USD,ACTIVE,2021-01-18 14:34:13
377,193,SAVINGS,29902.6,USD,ACTIVE,2020-12-25 14:34:13
378,193,FIXED_DEPOSIT,38577.78,USD,INACTIVE,2021-01-15 14:34:13
379,194,CHECKING,2280.25,USD,ACTIVE,2022-12-11 10:25:48
380,194,SAVINGS,48482.47,USD,ACTIVE,2022-12-19 10:25:48
381,194,FIXED_DEPOSIT,39211.64,USD,ACTIVE,2022-12-07 10:25:48
382,195,CHECKING,45208.32,USD,ACTIVE,2022-09-15 05:04:41
383,195,FIXED_DEPOSIT,49223.55,USD,ACTIVE,2022-09-23 05:04:41
384,196,FIXED_DEPOSIT,26420.24,USD,ACTIVE,2024-03-29 13:19:36
385,196,SAVINGS,40082.84,USD,INACTIVE,2024-03-03 13:19:36
386,197,FIXED_DEPOSIT,24081.47,USD,ACTIVE,2023-12-04 08:11:59
387,198,FIXED_DEPOSIT,42310.02,USD,ACTIVE,2020-05-05 20:59:22
388,199,SAVINGS,13712.29,USD,ACTIVE,2022-06-07 16:14:21
389,200,SAVINGS,47326.02,USD,ACTIVE,2020-10-07 01:47:38
390,200,CHECKING,46530.55,USD,ACTIVE,2020-10-13 01:47:38
391,201,CHECKING,11865.33,USD,ACTIVE,2023-02-26 03:04:53
392,201,SAVINGS,16002.38,USD,ACTIVE,2023-02-27 03:04:53
393,201,FIXED_DEPOSIT,16830.99,USD,ACTIVE,2023-02-28 03:04:53
394,202,CHECKING,34833.99,USD,ACTIVE,2023-11-19 16:23:49
395,202,CHECKING,22485.21,USD,INACTIVE,2023-11-15 16:23:49
396,203,CHECKING,10861.17,USD,ACTIVE,2022-12-11 17:10:19
397,204,FIXED_DEPOSIT,26435.8,USD,ACTIVE,2024-08-31 01:58:54
398,204,SAVINGS,15127.44,USD,ACTIVE,2024-08-29 01:58:54
399,204,FIXED_DEPOSIT,39715.57,USD,ACTIVE,2024-09-11 01:58:54
400,205,FIXED_DEPOSIT,26849.08,USD,ACTIVE,2023-10-19 12:18:07
401,205,SAVINGS,35955.36,USD,ACTIVE,2023-10-08 12:18:07
402,206,CHECKING,12104.16,USD,ACTIVE,2023-06-22 20:49:51
403,206,FIXED_DEPOSIT,4372.14,USD,ACTIVE,2023-06-20 20:49:51
404,206,FIXED_DEPOSIT,27249.69,USD,CLOSED,2023-07-04 20:49:51
405,207,SAVINGS,19583.64,USD,ACTIVE,2020-06-08 15:17:14
406,207,CHECKING,49053.87,USD,ACTIVE,2020-06-01 15:17:14
407,207,CHECKING,39447.15,USD,ACTIVE,2020-06-04 15:17:14
408,208,FIXED_DEPOSIT,5272.83,USD,ACTIVE,2024-11-23 16:50:36
409,208,CHECKING,6757.14,USD,ACTIVE,2024-11-16 16:50:36
410,208,FIXED_DEPOSIT,8836.95,USD,ACTIVE,2024-11-29 16:50:36
411,209,CHECKING,31623.62,USD,ACTIVE,2021-05-26 15:15:10
412,209,FIXED_DEPOSIT,38831.9,USD,ACTIVE,2021-05-15 15:15:10
413,209,SAVINGS,2285.93,USD,INACTIVE,2021-05-07 15:15:10
414,210,CHECKING,25817.64,USD,ACTIVE,2020-11-11 14:59:15
415,210,CHECKING,1927.38,USD,ACTIVE,2020-11-05 14:59:15
416,211,SAVINGS,43303.33,USD,ACTIVE,2023-01-03 16:24:25
417,211,CHECKING,21903.87,USD,ACTIVE,2023-01-05 16:24:25
418,212,CHECKING,48688.81,USD,ACTIVE,2024-07-13 23:00:33
419,212,CHECKING,46223.09,USD,ACTIVE,2024-07-14 23:00:33
420,213,FIXED_DEPOSIT,21282.53,USD,ACTIVE,2021-11-14 08:20:50
421,214,FIXED_DEPOSIT,14758.94,USD,ACTIVE,2022-08-16 08:44:25
422,215,CHECKING,15394.14,USD,ACTIVE,2024-01-21 15:53:53
423,215,SAVINGS,34519.26,USD,ACTIVE,2024-01-13 15:53:53
424,215,FIXED_DEPOSIT,43514.86,USD,ACTIVE,2024-01-13 15:53:53
425,216,CHECKING,32009.52,USD,INACTIVE,2022-09-12 19:50:20
426,216,SAVINGS,33592.08,USD,ACTIVE,2022-08-30 19:50:20
427,217,FIXED_DEPOSIT,8083.34,USD,ACTIVE,2024-08-31 14:34:44
428,217,FIXED_DEPOSIT,33936.63,USD,ACTIVE,2024-09-14 14:34:44
429,217,SAVINGS,11876.17,USD,ACTIVE,2024-09-20 14:34:44
430,218,FIXED_DEPOSIT,1716.03,USD,ACTIVE,2021-07-06 09:50:07
431,218,CHECKING,18663.47,USD,ACTIVE,2021-07-26 09:50:07
432,219,FIXED_DEPOSIT,18410.8,USD,ACTIVE,2021-04-11 05:43:44
433,220,SAVINGS,1393.08,USD,ACTIVE,2024-05-30 12:01:35
434,221,FIXED_DEPOSIT,5976.27,USD,ACTIVE,2023-10-30 16:28:08
435,221,CHECKING,10807.06,USD,ACTIVE,2023-10-25 16:28:08
436,222,SAVINGS,6219.61,USD,ACTIVE,2020-09-30 06:34:34
437,222,SAVINGS,44944.08,USD,CLOSED,2020-09-17 06:34:34
438,223,CHECKING,33425.21,USD,ACTIVE,2023-01-11 10:04:19
439,223,FIXED_DEPOSIT,14589.08,USD,INACTIVE,2022-12-29 10:04:19
440,223,FIXED_DEPOSIT,35507.23,USD,ACTIVE,2023-01-11 10:04:19
441,224,FIXED_DEPOSIT,11289.66,USD,ACTIVE,2022-04-07 19:29:53
442,224,SAVINGS,39539.62,USD,ACTIVE,2022-04-01 19:29:53
443,225,CHECKING,23423.55,USD,ACTIVE,2022-05-16 00:26:34
444,225,SAVINGS,3380.83,USD,CLOSED,2022-05-11 00:26:34
445,225,FIXED_DEPOSIT,23985.39,USD,ACTIVE,2022-05-12 00:26:34
446,226,SAVINGS,6353.81,USD,ACTIVE,2022-06-23 14:49:01
447,226,CHECKING,23345.08,USD,ACTIVE,2022-06-29 14:49:01
448,226,FIXED_DEPOSIT,32025.72,USD,ACTIVE,2022-06-18 14:49:01
449,227,CHECKING,25192.9,USD,ACTIVE,2022-03-16 17:24:07
450,228,FIXED_DEPOSIT,7735.47,USD,ACTIVE,2020-08-09 04:12:16
451,229,SAVINGS,17366.55,USD,ACTIVE,2023-07-10 13:06:13
452,229,CHECKING,42312.09,USD,ACTIVE,2023-06-18 13:06:13
453,229,FIXED_DEPOSIT,13795.11,USD,ACTIVE,2023-06-30 13:06:13
454,230,SAVINGS,25178.4,USD,ACTIVE,2023-02-05 18:00:33
455,230,FIXED_DEPOSIT,7794.29,USD,ACTIVE,2023-02-21 18:00:33
456,230,FIXED_DEPOSIT,16947.22,USD,ACTIVE,2023-03-01 18:00:33
457,231,SAVINGS,2368.54,USD,ACTIVE,2020-04-01 16:09:47
458,232,FIXED_DEPOSIT,10619.34,USD,ACTIVE,2020-03-04 11:44:54
459,232,FIXED_DEPOSIT,1611.27,USD,ACTIVE,2020-03-14 11:44:54
460,233,FIXED_DEPOSIT,47836.84,USD,ACTIVE,2021-09-19 01:30:14
461,233,FIXED_DEPOSIT,20364.02,USD,ACTIVE,2021-09-18 01:30:14
462,234,SAVINGS,22036.31,USD,ACTIVE,2022-07-14 12:29:51
463,235,FIXED_DEPOSIT,7269.07,USD,ACTIVE,2020-04-04 01:15:48
464,235,FIXED_DEPOSIT,49402.37,USD,CLOSED,2020-03-19 01:15:48
465,236,CHECKING,25797.51,USD,ACTIVE,2022-02-22 07:02:23
466,237,SAVINGS,13446.84,USD,ACTIVE,2023-02-02 16:38:38
467,237,SAVINGS,14581.58,USD,INACTIVE,2023-02-07 16:38:38
468,238,SAVINGS,48138.02,USD,ACTIVE,2023-04-12 18:27:24
469,238,CHECKING,46694.2,USD,ACTIVE,2023-04-07 18:27:24
470,239,CHECKING,49798.87,USD,ACTIVE,2024-06-30 21:33:50
471,240,CHECKING,1256.5,USD,ACTIVE,2023-02-09 23:43:07
472,240,CHECKING,48337.66,USD,ACTIVE,2023-01-16 23:43:07
473,241,SAVINGS,14139.68,USD,INACTIVE,2022-07-21 02:22:48
474,242,FIXED_DEPOSIT,23582.28,USD,ACTIVE,2022-12-07 14:58:55
475,242,SAVINGS,21603.3,USD,ACTIVE,2022-12-18 14:58:55
476,242,CHECKING,38216.45,USD,ACTIVE,2022-12-01 14:58:55
477,243,FIXED_DEPOSIT,28134.66,USD,ACTIVE,2021-04-03 01:12:50
478,244,CHECKING,25262.35,USD,ACTIVE,2024-12-06 22:38:06
479,245,FIXED_DEPOSIT,30591.05,USD,CLOSED,2022-06-13 04:29:42
480,245,CHECKING,18722.6,USD,ACTIVE,2022-06-19 04:29:42
481,245,CHECKING,37772.76,USD,ACTIVE,2022-06-15 04:29:42
482,246,FIXED_DEPOSIT,2108.72,USD,ACTIVE,2020-10-18 08:54:18
483,246,CHECKING,40217.9,USD,ACTIVE,2020-11-02 08:54:18
484,247,FIXED_DEPOSIT,7075.07,USD,ACTIVE,2020-06-05 02:29:05
485,247,SAVINGS,19708.43,USD,ACTIVE,2020-05-26 02:29:05
486,247,CHECKING,29726.86,USD,ACTIVE,2020-05-23 02:29:05
487,248,CHECKING,35466.12,USD,ACTIVE,2022-11-16 07:47:35
488,248,SAVINGS,18481.05,USD,ACTIVE,2022-11-28 07:47:35
489,248,CHECKING,29226.74,USD,INACTIVE,2022-12-02 07:47:35
490,249,FIXED_DEPOSIT,1429.69,USD,ACTIVE,2020-03-12 22:38:24
491,249,FIXED_DEPOSIT,39166.91,USD,ACTIVE,2020-03-21 22:38:24
492,249,SAVINGS,36097.87,USD,ACTIVE,2020-03-15 22:38:24
493,250,FIXED_DEPOSIT,36087.02,USD,ACTIVE,2020-02-15 04:28:44
494,250,SAVINGS,41100.9,USD,ACTIVE,2020-01-29 04:28:44
495,250,FIXED_DEPOSIT,5583.79,USD,ACTIVE,2020-01-22 04:28:44
496,251,SAVINGS,20706.71,USD,ACTIVE,2023-01-14 22:49:06
497,251,FIXED_DEPOSIT,46034.0,USD,ACTIVE,2023-02-04 22:49:06
498,252,SAVINGS,35318.18,USD,ACTIVE,2024-12-17 04:16:58
499,252,CHECKING,49906.33,USD,ACTIVE,2024-12-16 04:16:58
500,252,CHECKING,47838.61,USD,INACTIVE,2024-12-15 04:16:58
501,253,FIXED_DEPOSIT,17778.92,USD,INACTIVE,2020-11-25 20:52:39
502,253,FIXED_DEPOSIT,32201.12,USD,ACTIVE,2020-11-23 20:52:39
503,254,SAVINGS,47871.14,USD,ACTIVE,2024-04-23 10:47:08
504,254,SAVINGS,47080.13,USD,ACTIVE,2024-04-24 10:47:08
505,255,SAVINGS,34542.97,USD,ACTIVE,2022-03-29 18:40:04
506,255,CHECKING,28068.33,USD,ACTIVE,2022-04-12 18:40:04
507,255,CHECKING,14460.69,USD,ACTIVE,2022-04-01 18:40:04
508,256,CHECKING,40937.04,USD,ACTIVE,2021-07-11 08:01:49
509,256,SAVINGS,14593.59,USD,CLOSED,2021-06-20 08:01:49
510,257,CHECKING,46208.08,USD,ACTIVE,2022-10-16 22:34:21
511,258,SAVINGS,10183.19,USD,ACTIVE,2023-04-30 13:50:17
512,258,FIXED_DEPOSIT,34838.95,USD,ACTIVE,2023-04-17 13:50:17
513,259,FIXED_DEPOSIT,12040.18,USD,ACTIVE,2022-03-16 11:45:05
514,259,FIXED_DEPOSIT,11361.02,USD,ACTIVE,2022-03-22 11:45:05
515,259,CHECKING,16581.65,USD,ACTIVE,2022-03-30 11:45:05
516,260,SAVINGS,48229.49,USD,ACTIVE,2024-07-24 00:45:32
517,261,CHECKING,23924.68,USD,ACTIVE,2020-04-16 18:51:04
518,261,CHECKING,16126.27,USD,ACTIVE,2020-04-30 18:51:04
519,261,SAVINGS,32649.71,USD,ACTIVE,2020-04-17 18:51:04
520,262,SAVINGS,45670.16,USD,ACTIVE,2024-12-29 09:30:47
521,262,SAVINGS,46702.74,USD,CLOSED,2024-12-25 09:30:47
522,262,CHECKING,39419.24,USD,INACTIVE,2024-12-29 09:30:47
523,263,SAVINGS,562.43,USD,ACTIVE,2024-08-21 07:16:04
524,263,CHECKING,14299.63,USD,ACTIVE,2024-08-23 07:16:04
525,264,SAVINGS,42567.88,USD,ACTIVE,2024-12-12 11:36:54
526,264,SAVINGS,16601.14,USD,ACTIVE,2024-12-21 11:36:54
527,265,FIXED_DEPOSIT,9391.33,USD,ACTIVE,2020-11-07 01:23:47
528,265,CHECKING,28432.28,USD,ACTIVE,2020-11-08 01:23:47
529,266,FIXED_DEPOSIT,44862.43,USD,ACTIVE,2023-01-19 19:01:22
530,266,CHECKING,4428.21,USD,ACTIVE,2023-01-14 19:01:22
531,266,SAVINGS,23924.96,USD,ACTIVE,2023-01-22 19:01:22
532,267,CHECKING,11852.51,USD,ACTIVE,2024-04-13 17:53:20
533,267,CHECKING,15167.1,USD,ACTIVE,2024-04-12 17:53:20
534,268,FIXED_DEPOSIT,18041.65,USD,ACTIVE,2021-03-12 15:46:47
535,268,SAVINGS,23323.21,USD,ACTIVE,2021-03-10 15:46:47
536,269,FIXED_DEPOSIT,38515.07,USD,ACTIVE,2022-03-28 21:21:01
537,269,CHECKING,18440.44,USD,ACTIVE,2022-03-13 21:21:01
538,269,SAVINGS,23961.28,USD,ACTIVE,2022-03-20 21:21:01
539,270,CHECKING,20850.7,USD,INACTIVE,2023-11-06 09:07:18
540,270,FIXED_DEPOSIT,40119.55,USD,ACTIVE,2023-11-15 09:07:18
541,270,SAVINGS,34049.06,USD,INACTIVE,2023-11-08 09:07:18
542,271,FIXED_DEPOSIT,22392.72,USD,ACTIVE,2024-06-03 08:45:19
543,272,SAVINGS,3181.73,USD,INACTIVE,2023-10-24 02:55:14
544,272,SAVINGS,28677.81,USD,ACTIVE,2023-10-11 02:55:14
545,272,FIXED_DEPOSIT,22147.84,USD,ACTIVE,2023-10-28 02:55:14
546,273,CHECKING,4637.99,USD,ACTIVE,2023-12-29 06:46:05
547,273,SAVINGS,22726.27,USD,ACTIVE,2023-12-29 06:46:05
548,273,FIXED_DEPOSIT,2981.07,USD,ACTIVE,2023-12-27 06:46:05
549,274,FIXED_DEPOSIT,1186.35,USD,ACTIVE,2021-11-08 02:33:34
550,274,FIXED_DEPOSIT,10973.28,USD,ACTIVE,2021-11-02 02:33:34
551,275,FIXED_DEPOSIT,3281.62,USD,INACTIVE,2022-07-05 15:32:56
552,275,SAVINGS,49308.25,USD,ACTIVE,2022-07-19 15:32:56
553,276,SAVINGS,38471.71,USD,ACTIVE,2021-07-13 07:51:27
554,276,FIXED_DEPOSIT,32329.45,USD,ACTIVE,2021-07-02 07:51:27
555,277,CHECKING,43494.05,USD,ACTIVE,2024-01-10 08:23:53
556,277,SAVINGS,34168.24,USD,INACTIVE,2024-01-02 08:23:53
557,278,FIXED_DEPOSIT,43028.3,USD,ACTIVE,2024-12-22 15:06:34
558,279,CHECKING,26489.24,USD,CLOSED,2024-12-09 10:44:23
559,279,SAVINGS,37833.35,USD,ACTIVE,2024-11-25 10:44:23
560,279,FIXED_DEPOSIT,27267.82,USD,ACTIVE,2024-12-03 10:44:23
561,280,SAVINGS,23085.2,USD,ACTIVE,2023-03-21 00:53:08
562,281,SAVINGS,1707.64,USD,ACTIVE,2021-10-24 13:46:58
563,281,SAVINGS,12109.25,USD,ACTIVE,2021-10-05 13:46:58
564,281,SAVINGS,22377.41,USD,ACTIVE,2021-10-24 13:46:58
565,282,SAVINGS,37053.0,USD,ACTIVE,2024-08-08 17:07:32
566,283,SAVINGS,37743.85,USD,ACTIVE,2023-05-02 20:41:58
567,283,FIXED_DEPOSIT,49674.82,USD,ACTIVE,2023-04-15 20:41:58
568,283,FIXED_DEPOSIT,28847.91,USD,ACTIVE,2023-04-26 20:41:58
569,284,CHECKING,11921.51,USD,ACTIVE,2022-08-21 20:56:01
570,284,FIXED_DEPOSIT,26110.43,USD,ACTIVE,2022-08-06 20:56:01
571,284,SAVINGS,27880.23,USD,INACTIVE,2022-08-11 20:56:01
572,285,FIXED_DEPOSIT,33969.63,USD,ACTIVE,2020-11-18 04:33:52
573,286,FIXED_DEPOSIT,33599.99,USD,ACTIVE,2021-03-04 18:04:41
574,286,FIXED_DEPOSIT,20874.6,USD,ACTIVE,2021-02-11 18:04:41
575,287,FIXED_DEPOSIT,23728.59,USD,ACTIVE,2020-09-19 00:46:59
576,288,SAVINGS,40308.23,USD,ACTIVE,2020-02-17 18:10:39
577,288,CHECKING,48392.53,USD,ACTIVE,2020-02-05 18:10:39
578,288,CHECKING,12218.64,USD,ACTIVE,2020-01-25 18:10:39
579,289,CHECKING,42371.96,USD,ACTIVE,2020-11-11 15:48:00
580,290,SAVINGS,13496.23,USD,ACTIVE,2020-09-26 04:13:25
581,291,SAVINGS,9489.35,USD,ACTIVE,2022-04-03 21:28:08
582,292,FIXED_DEPOSIT,10929.12,USD,INACTIVE,2022-07-28 20:13:46
583,292,CHECKING,15229.08,USD,ACTIVE,2022-08-20 20:13:46
584,292,SAVINGS,48107.67,USD,ACTIVE,2022-07-25 20:13:46
585,293,SAVINGS,34811.75,USD,ACTIVE,2020-06-10 17:17:32
586,293,SAVINGS,27648.76,USD,ACTIVE,2020-06-12 17:17:32
587,294,FIXED_DEPOSIT,32471.19,USD,ACTIVE,2022-10-22 11:21:17
588,294,FIXED_DEPOSIT,44152.32,USD,ACTIVE,2022-10-27 11:21:17
589,295,CHECKING,38105.29,USD,INACTIVE,2023-05-30 06:24:02
590,295,CHECKING,15714.81,USD,ACTIVE,2023-05-21 06:24:02
591,295,SAVINGS,37088.49,USD,ACTIVE,2023-05-20 06:24:02
592,296,FIXED_DEPOSIT,36028.6,USD,ACTIVE,2024-07-29 08:53:18
593,296,CHECKING,11577.93,USD,ACTIVE,2024-08-07 08:53:18
594,296,CHECKING,27577.06,USD,ACTIVE,2024-08-19 08:53:18
595,297,CHECKING,48328.76,USD,ACTIVE,2022-07-16 00:45:24
596,297,CHECKING,8494.86,USD,ACTIVE,2022-07-21 00:45:24
597,298,FIXED_DEPOSIT,27372.66,USD,INACTIVE,2021-09-12 01:35:28
598,299,FIXED_DEPOSIT,47866.12,USD,ACTIVE,2022-07-16 13:05:59
599,299,SAVINGS,47264.89,USD,ACTIVE,2022-07-21 13:05:59
600,299,SAVINGS,20678.37,USD,ACTIVE,2022-07-26 13:05:59
601,300,FIXED_DEPOSIT,7636.38,USD,ACTIVE,2021-01-12 16:43:39
602,301,SAVINGS,30929.98,USD,INACTIVE,2021-05-07 19:59:00
603,301,CHECKING,32998.29,USD,ACTIVE,2021-04-16 19:59:00
604,302,CHECKING,691.36,USD,ACTIVE,2024-09-13 00:29:37
605,302,FIXED_DEPOSIT,48876.22,USD,ACTIVE,2024-08-28 00:29:37
606,302,FIXED_DEPOSIT,33734.24,USD,INACTIVE,2024-09-22 00:29:37
607,303,SAVINGS,45910.64,USD,ACTIVE,2022-10-09 12:43:49
608,304,FIXED_DEPOSIT,26370.15,USD,ACTIVE,2024-08-14 06:35:51
609,305,SAVINGS,18715.27,USD,ACTIVE,2020-10-31 18:53:12
610,305,SAVINGS,49512.63,USD,ACTIVE,2020-10-26 18:53:12
611,306,FIXED_DEPOSIT,49584.57,USD,ACTIVE,2024-03-16 17:09:05
612,307,CHECKING,19025.27,USD,ACTIVE,2020-06-28 11:18:33
613,308,SAVINGS,35171.97,USD,ACTIVE,2023-12-01 03:42:43
614,308,CHECKING,32280.87,USD,ACTIVE,2023-12-09 03:42:43
615,308,SAVINGS,44750.08,USD,ACTIVE,2023-12-28 03:42:43
616,309,FIXED_DEPOSIT,44388.96,USD,ACTIVE,2022-01-10 22:26:16
617,310,FIXED_DEPOSIT,46286.68,USD,ACTIVE,2024-12-17 23:00:22
618,311,SAVINGS,9049.79,USD,ACTIVE,2024-08-02 11:59:10
619,311,SAVINGS,29393.1,USD,ACTIVE,2024-07-30 11:59:10
620,311,CHECKING,46450.86,USD,ACTIVE,2024-07-15 11:59:10
621,312,FIXED_DEPOSIT,41749.06,USD,ACTIVE,2022-03-29 05:09:31
622,313,CHECKING,19253.93,USD,ACTIVE,2023-11-26 19:56:17
623,313,FIXED_DEPOSIT,36235.76,USD,ACTIVE,2023-11-19 19:56:17
624,313,CHECKING,2779.45,USD,ACTIVE,2023-11-16 19:56:17
625,314,CHECKING,30297.92,USD,CLOSED,2024-10-14 23:39:49
626,315,CHECKING,1578.32,USD,ACTIVE,2021-06-12 07:01:49
627,315,CHECKING,24581.11,USD,ACTIVE,2021-06-15 07:01:49
628,316,CHECKING,9368.32,USD,ACTIVE,2023-03-15 15:11:40
629,316,SAVINGS,38631.15,USD,ACTIVE,2023-03-06 15:11:40
630,317,SAVINGS,4193.7,USD,ACTIVE,2021-06-27 13:11:13
631,317,FIXED_DEPOSIT,7798.42,USD,ACTIVE,2021-07-05 13:11:13
632,317,SAVINGS,4666.87,USD,ACTIVE,2021-07-23 13:11:13
633,318,CHECKING,5201.35,USD,ACTIVE,2021-12-20 12:57:44
634,318,CHECKING,27893.55,USD,ACTIVE,2022-01-03 12:57:44
635,319,SAVINGS,17760.32,USD,ACTIVE,2023-06-19 05:42:58
636,320,CHECKING,715.8,USD,ACTIVE,2023-03-02 04:24:58
637,320,SAVINGS,36269.71,USD,INACTIVE,2023-03-06 04:24:58
638,321,FIXED_DEPOSIT,26103.12,USD,ACTIVE,2021-09-22 14:38:41
639,322,CHECKING,15126.45,USD,ACTIVE,2022-10-22 05:52:37
640,323,CHECKING,13870.5,USD,ACTIVE,2023-07-31 23:44:39
641,324,CHECKING,12659.82,USD,ACTIVE,2023-05-28 01:41:11
642,325,FIXED_DEPOSIT,30871.77,USD,ACTIVE,2023-12-12 07:08:04
643,325,CHECKING,437.69,USD,ACTIVE,2023-12-10 07:08:04
644,326,CHECKING,40223.42,USD,ACTIVE,2024-04-08 12:49:52
645,326,CHECKING,40792.23,USD,ACTIVE,2024-04-25 12:49:52
646,326,FIXED_DEPOSIT,6892.61,USD,ACTIVE,2024-04-08 12:49:52
647,327,SAVINGS,24002.59,USD,CLOSED,2022-08-05 11:59:22
648,327,CHECKING,14643.26,USD,ACTIVE,2022-08-22 11:59:22
649,327,FIXED_DEPOSIT,39120.52,USD,ACTIVE,2022-08-10 11:59:22
650,328,CHECKING,5783.0,USD,ACTIVE,2021-07-27 16:39:07
651,328,FIXED_DEPOSIT,9078.37,USD,ACTIVE,2021-08-02 16:39:07
652,329,CHECKING,47154.45,USD,ACTIVE,2021-12-19 03:04:36
653,329,CHECKING,41580.96,USD,ACTIVE,2021-12-15 03:04:36
654,329,CHECKING,33681.58,USD,ACTIVE,2021-12-17 03:04:36
655,330,CHECKING,32967.28,USD,ACTIVE,2021-07-20 01:50:52
656,331,SAVINGS,22508.43,USD,ACTIVE,2020-07-16 22:13:07
657,331,CHECKING,26764.93,USD,INACTIVE,2020-07-26 22:13:07
658,332,CHECKING,27227.9,USD,CLOSED,2024-12-07 04:41:35
659,332,FIXED_DEPOSIT,44785.53,USD,ACTIVE,2024-11-29 04:41:35
660,332,SAVINGS,5557.53,USD,ACTIVE,2024-11-19 04:41:35
661,333,SAVINGS,32385.29,USD,ACTIVE,2021-11-10 07:11:07
662,333,FIXED_DEPOSIT,33905.85,USD,CLOSED,2021-11-21 07:11:07
663,334,CHECKING,5386.63,USD,ACTIVE,2021-07-22 12:22:30
664,334,FIXED_DEPOSIT,37367.97,USD,ACTIVE,2021-08-05 12:22:30
665,335,SAVINGS,22344.35,USD,ACTIVE,2024-10-27 10:52:32
666,335,FIXED_DEPOSIT,29470.64,USD,ACTIVE,2024-10-31 10:52:32
667,335,SAVINGS,24190.28,USD,ACTIVE,2024-10-24 10:52:32
668,336,SAVINGS,41582.76,USD,ACTIVE,2024-11-15 07:11:57
669,337,CHECKING,22821.1,USD,ACTIVE,2020-12-05 13:16:58
670,337,CHECKING,23860.51,USD,ACTIVE,2020-12-13 13:16:58
671,338,CHECKING,3452.0,USD,ACTIVE,2022-06-20 04:19:51
672,338,SAVINGS,1227.0,USD,ACTIVE,2022-06-29 04:19:51
673,339,SAVINGS,46503.13,USD,ACTIVE,2023-12-23 13:00:09
674,339,SAVINGS,27640.32,USD,ACTIVE,2023-12-10 13:00:09
675,339,CHECKING,11669.59,USD,ACTIVE,2023-12-12 13:00:09
676,340,FIXED_DEPOSIT,32899.66,USD,ACTIVE,2024-03-30 07:01:56
677,341,SAVINGS,22533.79,USD,ACTIVE,2021-02-01 14:22:53
678,341,FIXED_DEPOSIT,10818.33,USD,ACTIVE,2021-01-27 14:22:53
679,341,SAVINGS,28909.66,USD,INACTIVE,2021-02-13 14:22:53
680,342,CHECKING,16366.65,USD,ACTIVE,2021-12-02 06:19:17
681,343,CHECKING,26432.98,USD,ACTIVE,2021-01-13 01:18:27
682,343,CHECKING,30604.29,USD,ACTIVE,2021-01-11 01:18:27
683,343,CHECKING,42291.34,USD,ACTIVE,2021-01-12 01:18:27
684,344,FIXED_DEPOSIT,40050.61,USD,ACTIVE,2021-01-14 07:42:08
685,344,SAVINGS,33638.29,USD,ACTIVE,2020-12-26 07:42:08
686,344,CHECKING,5935.75,USD,ACTIVE,2020-12-27 07:42:08
687,345,CHECKING,20970.13,USD,ACTIVE,2021-08-04 10:59:16
688,345,CHECKING,9369.11,USD,ACTIVE,2021-08-20 10:59:16
689,345,FIXED_DEPOSIT,46541.68,USD,ACTIVE,2021-08-05 10:59:16
690,346,CHECKING,7100.8,USD,ACTIVE,2024-03-10 04:14:50
691,346,FIXED_DEPOSIT,2775.2,USD,CLOSED,2024-03-11 04:14:50
692,347,SAVINGS,9836.91,USD,CLOSED,2020-07-16 22:29:31
693,347,FIXED_DEPOSIT,32688.18,USD,ACTIVE,2020-07-17 22:29:31
694,348,FIXED_DEPOSIT,42010.6,USD,ACTIVE,2020-07-31 05:16:50
695,348,FIXED_DEPOSIT,1639.95,USD,ACTIVE,2020-08-09 05:16:50
696,349,CHECKING,11319.69,USD,ACTIVE,2020-10-01 21:51:22
697,350,FIXED_DEPOSIT,37151.66,USD,ACTIVE,2022-12-16 04:16:21
698,350,FIXED_DEPOSIT,5749.23,USD,ACTIVE,2022-11-25 04:16:21
699,351,CHECKING,27147.96,USD,ACTIVE,2022-01-24 23:17:52
700,351,FIXED_DEPOSIT,22124.19,USD,CLOSED,2022-01-06 23:17:52
701,351,SAVINGS,36825.84,USD,ACTIVE,2022-01-20 23:17:52
702,352,SAVINGS,22541.64,USD,INACTIVE,2020-11-25 05:50:41
703,352,SAVINGS,22009.59,USD,ACTIVE,2020-11-17 05:50:41
704,353,SAVINGS,40554.07,USD,ACTIVE,2024-06-15 22:02:02
705,354,FIXED_DEPOSIT,31675.25,USD,ACTIVE,2023-12-28 18:53:48
706,354,SAVINGS,40695.14,USD,ACTIVE,2024-01-17 18:53:48
707,354,CHECKING,26660.81,USD,ACTIVE,2024-01-11 18:53:48
708,355,FIXED_DEPOSIT,14702.47,USD,ACTIVE,2024-08-27 02:01:16
709,355,FIXED_DEPOSIT,49275.87,USD,ACTIVE,2024-08-30 02:01:16
710,356,CHECKING,45946.56,USD,INACTIVE,2022-08-01 09:22:25
711,357,FIXED_DEPOSIT,43317.33,USD,ACTIVE,2020-03-17 21:38:36
712,358,SAVINGS,38097.53,USD,ACTIVE,2021-03-23 18:41:06
713,358,SAVINGS,28913.53,USD,ACTIVE,2021-03-10 18:41:06
714,359,CHECKING,3868.26,USD,INACTIVE,2024-10-13 13:32:44
715,359,SAVINGS,20202.25,USD,ACTIVE,2024-10-11 13:32:44
716,360,CHECKING,47517.68,USD,ACTIVE,2020-12-19 21:45:15
717,360,FIXED_DEPOSIT,4747.77,USD,ACTIVE,2020-12-23 21:45:15
718,361,CHECKING,42520.3,USD,ACTIVE,2023-05-14 08:59:27
719,361,SAVINGS,48409.62,USD,ACTIVE,2023-05-15 08:59:27
720,361,CHECKING,16210.97,USD,ACTIVE,2023-04-28 08:59:27
721,362,SAVINGS,28350.49,USD,ACTIVE,2022-12-23 18:14:50
722,362,FIXED_DEPOSIT,38136.48,USD,ACTIVE,2022-12-09 18:14:50
723,362,CHECKING,912.44,USD,INACTIVE,2023-01-06 18:14:50
724,363,CHECKING,133.73,USD,ACTIVE,2021-04-29 22:05:03
725,363,FIXED_DEPOSIT,45479.42,USD,ACTIVE,2021-04-27 22:05:03
726,364,CHECKING,4757.67,USD,ACTIVE,2023-11-11 16:48:31
727,365,FIXED_DEPOSIT,45199.63,USD,ACTIVE,2022-06-09 04:05:19
728,365,FIXED_DEPOSIT,15344.91,USD,ACTIVE,2022-06-26 04:05:19
729,366,FIXED_DEPOSIT,4650.84,USD,ACTIVE,2021-02-02 15:27:09
730,366,CHECKING,3989.14,USD,ACTIVE,2021-02-17 15:27:09
731,367,CHECKING,563.42,USD,ACTIVE,2024-02-29 06:45:19
732,367,SAVINGS,49408.93,USD,ACTIVE,2024-02-20 06:45:19
733,367,CHECKING,3634.33,USD,ACTIVE,2024-02-19 06:45:19
734,368,SAVINGS,15736.24,USD,ACTIVE,2020-12-11 00:47:28
735,369,SAVINGS,32114.65,USD,ACTIVE,2024-09-05 05:37:41
736,369,FIXED_DEPOSIT,28208.23,USD,ACTIVE,2024-09-03 05:37:41
737,370,CHECKING,36149.36,USD,ACTIVE,2021-04-09 17:08:53
738,370,CHECKING,30842.19,USD,INACTIVE,2021-04-03 17:08:53
739,371,SAVINGS,7086.66,USD,ACTIVE,2023-09-03 05:25:55
740,372,CHECKING,48166.11,USD,ACTIVE,2024-03-07 19:25:25
741,372,SAVINGS,13920.69,USD,ACTIVE,2024-02-28 19:25:25
742,373,FIXED_DEPOSIT,36086.86,USD,ACTIVE,2022-03-25 22:51:53
743,373,FIXED_DEPOSIT,1438.54,USD,ACTIVE,2022-04-12 22:51:53
744,373,CHECKING,10351.74,USD,ACTIVE,2022-04-04 22:51:53
745,374,CHECKING,14847.55,USD,ACTIVE,2021-09-01 11:39:10
746,374,SAVINGS,24794.9,USD,ACTIVE,2021-09-03 11:39:10
747,374,FIXED_DEPOSIT,29737.1,USD,INACTIVE,2021-09-16 11:39:10
748,375,CHECKING,46702.83,USD,ACTIVE,2023-10-29 03:33:29
749,376,CHECKING,18334.08,USD,ACTIVE,2021-04-17 18:42:22
750,376,CHECKING,47727.2,USD,ACTIVE,2021-04-20 18:42:22
751,376,FIXED_DEPOSIT,3469.88,USD,ACTIVE,2021-04-04 18:42:22
752,377,CHECKING,25379.87,USD,ACTIVE,2023-03-27 15:57:47
753,378,CHECKING,35120.35,USD,ACTIVE,2022-06-09 07:06:59
754,378,FIXED_DEPOSIT,30840.75,USD,ACTIVE,2022-06-15 07:06:59
755,379,FIXED_DEPOSIT,46054.15,USD,ACTIVE,2023-11-14 17:37:27
756,380,CHECKING,29363.21,USD,ACTIVE,2024-02-24 13:30:40
757,380,FIXED_DEPOSIT,32193.41,USD,ACTIVE,2024-02-09 13:30:40
758,381,SAVINGS,2989.51,USD,INACTIVE,2022-01-26 08:51:35
759,381,SAVINGS,22723.25,USD,ACTIVE,2022-02-12 08:51:35
760,381,FIXED_DEPOSIT,37110.51,USD,ACTIVE,2022-02-16 08:51:35
761,382,FIXED_DEPOSIT,6946.87,USD,ACTIVE,2024-02-28 21:05:11
762,383,FIXED_DEPOSIT,25909.42,USD,ACTIVE,2020-09-30 21:23:23
763,383,SAVINGS,18656.28,USD,ACTIVE,2020-09-27 21:23:23
764,384,FIXED_DEPOSIT,44332.1,USD,INACTIVE,2023-10-08 07:13:52
765,384,CHECKING,40374.68,USD,ACTIVE,2023-09-22 07:13:52
766,385,FIXED_DEPOSIT,48755.02,USD,ACTIVE,2020-10-11 05:22:02
767,385,CHECKING,25588.02,USD,ACTIVE,2020-09-22 05:22:02
768,386,SAVINGS,18447.62,USD,ACTIVE,2023-09-07 20:00:31
769,386,FIXED_DEPOSIT,33738.61,USD,ACTIVE,2023-09-02 20:00:31
770,386,FIXED_DEPOSIT,228.17,USD,INACTIVE,2023-09-26 20:00:31
771,387,SAVINGS,23641.05,USD,INACTIVE,2024-04-24 12:23:50
772,388,SAVINGS,27687.95,USD,ACTIVE,2024-04-14 20:54:42
773,389,CHECKING,11303.31,USD,ACTIVE,2023-03-07 15:23:02
774,389,FIXED_DEPOSIT,16064.76,USD,ACTIVE,2023-03-26 15:23:02
775,389,CHECKING,6058.11,USD,INACTIVE,2023-03-21 15:23:02
776,390,SAVINGS,40236.47,USD,CLOSED,2022-01-11 03:12:16
777,391,CHECKING,43315.01,USD,ACTIVE,2021-05-07 20:16:17
778,392,SAVINGS,27699.26,USD,ACTIVE,2024-12-05 11:19:10
779,392,CHECKING,28233.96,USD,ACTIVE,2024-12-14 11:19:10
780,393,CHECKING,18476.85,USD,CLOSED,2022-10-16 00:33:55
781,394,FIXED_DEPOSIT,45032.12,USD,ACTIVE,2021-06-01 05:58:05
782,395,SAVINGS,46626.64,USD,ACTIVE,2022-08-23 21:08:53
783,396,FIXED_DEPOSIT,41994.74,USD,ACTIVE,2020-05-04 12:44:21
784,396,CHECKING,172.96,USD,ACTIVE,2020-04-27 12:44:21
785,397,FIXED_DEPOSIT,15444.78,USD,ACTIVE,2020-06-19 14:19:16
786,397,SAVINGS,21048.81,USD,ACTIVE,2020-07-13 14:19:16
787,397,SAVINGS,35611.46,USD,ACTIVE,2020-06-15 14:19:16
788,398,FIXED_DEPOSIT,20711.53,USD,ACTIVE,2021-10-20 01:56:12
789,399,SAVINGS,29080.45,USD,ACTIVE,2022-09-27 10:22:42
790,399,CHECKING,3834.04,USD,ACTIVE,2022-09-29 10:22:42
791,399,FIXED_DEPOSIT,48214.49,USD,ACTIVE,2022-09-18 10:22:42
792,400,CHECKING,35066.21,USD,ACTIVE,2024-07-06 11:57:41
793,400,CHECKING,13670.6,USD,INACTIVE,2024-06-15 11:57:41
794,401,FIXED_DEPOSIT,5537.74,USD,ACTIVE,2024-03-15 16:00:04
795,402,CHECKING,20384.98,USD,ACTIVE,2022-02-24 22:04:53
796,402,SAVINGS,22650.66,USD,ACTIVE,2022-02-21 22:04:53
797,403,SAVINGS,7965.01,USD,ACTIVE,2020-06-20 20:30:54
798,404,FIXED_DEPOSIT,30204.79,USD,ACTIVE,2024-08-29 12:48:19
799,404,CHECKING,7501.36,USD,ACTIVE,2024-09-14 12:48:19
800,404,CHECKING,19872.6,USD,ACTIVE,2024-08-24 12:48:19
801,405,SAVINGS,1651.0,USD,INACTIVE,2024-07-04 11:08:08
802,405,FIXED_DEPOSIT,37429.11,USD,ACTIVE,2024-06-29 11:08:08
803,406,SAVINGS,6160.52,USD,ACTIVE,2021-10-22 21:20:04
804,407,SAVINGS,9986.84,USD,ACTIVE,2020-09-02 10:06:25
805,408,FIXED_DEPOSIT,4293.57,USD,ACTIVE,2024-02-14 08:06:58
806,408,SAVINGS,1187.83,USD,ACTIVE,2024-01-29 08:06:58
807,408,FIXED_DEPOSIT,22227.22,USD,ACTIVE,2024-01-31 08:06:58
808,409,SAVINGS,2230.55,USD,ACTIVE,2021-07-22 00:38:50
809,409,FIXED_DEPOSIT,21714.5,USD,ACTIVE,2021-07-31 00:38:50
810,410,CHECKING,34192.32,USD,ACTIVE,2020-09-05 23:23:41
811,411,CHECKING,14064.74,USD,ACTIVE,2022-12-26 02:50:03
812,412,FIXED_DEPOSIT,30887.16,USD,ACTIVE,2022-01-09 19:18:14
813,412,CHECKING,44150.65,USD,ACTIVE,2022-01-04 19:18:14
814,412,CHECKING,19212.46,USD,ACTIVE,2022-01-02 19:18:14
815,413,SAVINGS,31574.64,USD,ACTIVE,2024-11-24 13:47:38
816,413,SAVINGS,49471.24,USD,ACTIVE,2024-11-24 13:47:38
817,413,CHECKING,27271.44,USD,ACTIVE,2024-11-14 13:47:38
818,414,FIXED_DEPOSIT,16148.06,USD,ACTIVE,2024-06-14 16:05:08
819,414,CHECKING,29896.11,USD,INACTIVE,2024-06-06 16:05:08
820,414,CHECKING,3023.7,USD,ACTIVE,2024-06-21 16:05:08
821,415,SAVINGS,48701.6,USD,ACTIVE,2020-03-23 03:37:53
822,415,SAVINGS,13399.7,USD,ACTIVE,2020-04-15 03:37:53
823,415,FIXED_DEPOSIT,2889.84,USD,ACTIVE,2020-04-19 03:37:53
824,416,CHECKING,46766.78,USD,ACTIVE,2020-05-29 21:57:09
825,416,SAVINGS,29666.72,USD,ACTIVE,2020-05-27 21:57:09
826,417,FIXED_DEPOSIT,1507.51,USD,ACTIVE,2022-03-03 06:44:58
827,417,FIXED_DEPOSIT,28223.96,USD,INACTIVE,2022-02-27 06:44:58
828,418,FIXED_DEPOSIT,15521.75,USD,ACTIVE,2022-02-22 21:16:37
829,418,SAVINGS,11707.91,USD,ACTIVE,2022-02-14 21:16:37
830,419,SAVINGS,16653.53,USD,ACTIVE,2024-02-13 20:04:55
831,419,SAVINGS,17103.88,USD,INACTIVE,2024-01-30 20:04:55
832,420,SAVINGS,1193.45,USD,ACTIVE,2023-08-10 00:41:24
833,420,SAVINGS,38740.89,USD,ACTIVE,2023-08-19 00:41:24
834,421,SAVINGS,18742.18,USD,ACTIVE,2023-05-06 19:55:21
835,421,FIXED_DEPOSIT,5141.51,USD,ACTIVE,2023-04-15 19:55:21
836,422,FIXED_DEPOSIT,47439.81,USD,ACTIVE,2021-08-12 10:52:47
837,423,FIXED_DEPOSIT,15932.44,USD,CLOSED,2021-08-19 05:26:25
838,423,FIXED_DEPOSIT,44491.05,USD,ACTIVE,2021-08-16 05:26:25
839,424,FIXED_DEPOSIT,29488.61,USD,ACTIVE,2021-02-02 18:31:21
840,425,FIXED_DEPOSIT,14796.41,USD,ACTIVE,2024-01-14 10:19:54
841,425,FIXED_DEPOSIT,47440.04,USD,INACTIVE,2024-01-21 10:19:54
842,425,FIXED_DEPOSIT,1715.9,USD,ACTIVE,2024-01-28 10:19:54
843,426,SAVINGS,32018.37,USD,INACTIVE,2020-03-16 07:06:28
844,426,SAVINGS,16625.3,USD,ACTIVE,2020-03-15 07:06:28
845,426,CHECKING,8477.58,USD,CLOSED,2020-04-10 07:06:28
846,427,FIXED_DEPOSIT,31991.22,USD,ACTIVE,2020-06-10 06:13:03
847,427,SAVINGS,13334.1,USD,ACTIVE,2020-05-20 06:13:03
848,427,CHECKING,12907.23,USD,ACTIVE,2020-05-16 06:13:03
849,428,CHECKING,21967.19,USD,CLOSED,2021-06-05 07:30:31
850,429,CHECKING,44100.36,USD,ACTIVE,2023-03-17 18:21:35
851,429,SAVINGS,41457.47,USD,INACTIVE,2023-03-31 18:21:35
852,430,FIXED_DEPOSIT,11356.58,USD,ACTIVE,2023-07-03 05:42:45
853,430,SAVINGS,14815.94,USD,ACTIVE,2023-06-29 05:42:45
854,430,SAVINGS,3802.6,USD,INACTIVE,2023-06-24 05:42:45
855,431,FIXED_DEPOSIT,3842.62,USD,INACTIVE,2024-10-18 12:13:11
856,432,CHECKING,29742.12,USD,INACTIVE,2022-02-07 08:47:29
857,433,SAVINGS,21623.03,USD,ACTIVE,2022-07-15 10:26:58
858,433,CHECKING,7939.48,USD,ACTIVE,2022-06-28 10:26:58
859,433,SAVINGS,20523.07,USD,ACTIVE,2022-07-12 10:26:58
860,434,FIXED_DEPOSIT,13336.71,USD,ACTIVE,2021-05-12 15:42:10
861,434,SAVINGS,2576.81,USD,ACTIVE,2021-05-21 15:42:10
862,434,CHECKING,7764.14,USD,ACTIVE,2021-05-14 15:42:10
863,435,CHECKING,41212.48,USD,ACTIVE,2023-02-19 07:19:30
864,436,SAVINGS,1384.21,USD,ACTIVE,2020-02-21 19:39:26
865,437,CHECKING,42204.08,USD,ACTIVE,2021-11-30 10:09:33
866,438,CHECKING,44754.39,USD,ACTIVE,2024-03-18 18:21:18
867,438,FIXED_DEPOSIT,19437.6,USD,INACTIVE,2024-03-21 18:21:18
868,439,SAVINGS,22344.19,USD,ACTIVE,2024-12-29 17:12:03
869,439,CHECKING,11389.49,USD,ACTIVE,2024-12-29 17:12:03
870,440,FIXED_DEPOSIT,33406.68,USD,ACTIVE,2024-09-14 03:54:11
871,441,CHECKING,48538.21,USD,ACTIVE,2022-04-12 16:24:59
872,441,SAVINGS,42055.78,USD,ACTIVE,2022-04-20 16:24:59
873,441,FIXED_DEPOSIT,34384.69,USD,ACTIVE,2022-04-23 16:24:59
874,442,CHECKING,15012.72,USD,INACTIVE,2022-01-09 07:23:29
875,443,SAVINGS,25154.86,USD,ACTIVE,2024-07-27 02:33:21
876,443,FIXED_DEPOSIT,33908.99,USD,ACTIVE,2024-07-18 02:33:21
877,443,CHECKING,8726.66,USD,CLOSED,2024-07-04 02:33:21
878,444,SAVINGS,2229.53,USD,CLOSED,2020-11-10 12:01:38
879,445,SAVINGS,49863.73,USD,ACTIVE,2021-07-23 14:56:53
880,445,FIXED_DEPOSIT,12968.53,USD,ACTIVE,2021-08-01 14:56:53
881,446,SAVINGS,19466.15,USD,ACTIVE,2024-05-03 21:30:05
882,447,FIXED_DEPOSIT,22962.04,USD,ACTIVE,2022-12-28 09:15:11
883,447,FIXED_DEPOSIT,31190.59,USD,ACTIVE,2022-12-17 09:15:11
884,448,CHECKING,7567.15,USD,ACTIVE,2024-03-23 16:47:48
885,449,SAVINGS,28177.92,USD,ACTIVE,2022-04-12 01:03:30
886,450,CHECKING,43906.89,USD,ACTIVE,2022-04-29 12:09:03
887,450,CHECKING,28643.96,USD,ACTIVE,2022-05-06 12:09:03
888,450,CHECKING,20208.4,USD,ACTIVE,2022-05-10 12:09:03
889,451,CHECKING,2035.25,USD,INACTIVE,2023-04-27 09:11:58
890,451,FIXED_DEPOSIT,11955.21,USD,ACTIVE,2023-04-22 09:11:58
891,451,CHECKING,44861.86,USD,ACTIVE,2023-03-30 09:11:58
892,452,CHECKING,14089.3,USD,INACTIVE,2023-02-21 12:33:13
893,452,FIXED_DEPOSIT,5001.05,USD,ACTIVE,2023-03-05 12:33:13
894,453,FIXED_DEPOSIT,22211.22,USD,ACTIVE,2020-11-26 07:04:13
895,453,FIXED_DEPOSIT,20896.96,USD,ACTIVE,2020-11-20 07:04:13
896,454,SAVINGS,45680.3,USD,ACTIVE,2020-02-14 18:08:07
897,454,FIXED_DEPOSIT,43372.73,USD,ACTIVE,2020-02-27 18:08:07
898,455,SAVINGS,15625.04,USD,ACTIVE,2023-05-13 08:22:34
899,456,FIXED_DEPOSIT,1544.51,USD,INACTIVE,2024-05-26 15:57:36
900,456,SAVINGS,41865.14,USD,ACTIVE,2024-05-27 15:57:36
901,456,SAVINGS,45909.75,USD,ACTIVE,2024-06-11 15:57:36
902,457,CHECKING,25305.81,USD,INACTIVE,2024-01-06 19:31:50
903,457,FIXED_DEPOSIT,1625.1,USD,ACTIVE,2023-12-28 19:31:50
904,458,SAVINGS,48029.97,USD,ACTIVE,2022-06-25 18:10:15
905,458,CHECKING,17278.03,USD,INACTIVE,2022-07-06 18:10:15
906,459,FIXED_DEPOSIT,4610.56,USD,ACTIVE,2021-04-22 01:29:53
907,459,SAVINGS,42705.68,USD,CLOSED,2021-05-16 01:29:53
908,459,SAVINGS,32404.26,USD,ACTIVE,2021-05-13 01:29:53
909,460,CHECKING,25712.73,USD,ACTIVE,2024-06-14 10:22:58
910,460,FIXED_DEPOSIT,544.01,USD,ACTIVE,2024-06-16 10:22:58
911,460,SAVINGS,30096.98,USD,ACTIVE,2024-05-18 10:22:58
912,461,CHECKING,35665.75,USD,ACTIVE,2021-04-10 01:42:11
913,461,CHECKING,44784.6,USD,ACTIVE,2021-04-15 01:42:11
914,461,CHECKING,10988.63,USD,ACTIVE,2021-03-28 01:42:11
915,462,CHECKING,29265.91,USD,ACTIVE,2023-08-02 03:40:37
916,462,FIXED_DEPOSIT,48327.62,USD,ACTIVE,2023-08-28 03:40:37
917,462,FIXED_DEPOSIT,29729.25,USD,ACTIVE,2023-08-11 03:40:37
918,463,CHECKING,3285.47,USD,ACTIVE,2022-05-23 01:17:13
919,464,CHECKING,32840.37,USD,INACTIVE,2021-04-14 11:38:36
920,464,CHECKING,9499.17,USD,ACTIVE,2021-03-31 11:38:36
921,465,FIXED_DEPOSIT,20264.51,USD,ACTIVE,2022-11-06 05:53:56
922,466,SAVINGS,32804.49,USD,ACTIVE,2021-09-20 13:05:31
923,466,CHECKING,20289.48,USD,ACTIVE,2021-10-04 13:05:31
924,466,FIXED_DEPOSIT,49738.21,USD,ACTIVE,2021-10-07 13:05:31
925,467,FIXED_DEPOSIT,11195.92,USD,ACTIVE,2020-07-12 06:47:17
926,467,CHECKING,45335.67,USD,ACTIVE,2020-07-16 06:47:17
927,467,CHECKING,42286.42,USD,ACTIVE,2020-07-21 06:47:17
928,468,SAVINGS,14759.82,USD,ACTIVE,2021-08-24 10:28:53
929,468,CHECKING,36286.81,USD,ACTIVE,2021-08-26 10:28:53
930,468,SAVINGS,47351.48,USD,ACTIVE,2021-09-06 10:28:53
931,469,SAVINGS,17828.64,USD,INACTIVE,2024-05-20 13:27:37
932,470,CHECKING,18646.95,USD,ACTIVE,2020-04-22 00:00:57
933,470,SAVINGS,23579.77,USD,ACTIVE,2020-05-01 00:00:57
934,471,FIXED_DEPOSIT,3653.67,USD,ACTIVE,2020-03-23 17:45:25
935,471,SAVINGS,43388.14,USD,ACTIVE,2020-03-07 17:45:25
936,471,CHECKING,2797.69,USD,ACTIVE,2020-03-22 17:45:25
937,472,CHECKING,20518.67,USD,INACTIVE,2022-10-21 21:39:36
938,473,SAVINGS,15887.53,USD,ACTIVE,2023-07-26 15:25:37
939,473,SAVINGS,24430.28,USD,CLOSED,2023-07-24 15:25:37
940,474,FIXED_DEPOSIT,2994.88,USD,ACTIVE,2020-09-02 09:11:50
941,474,SAVINGS,28856.32,USD,ACTIVE,2020-08-24 09:11:50
942,475,SAVINGS,30762.54,USD,ACTIVE,2023-04-28 13:17:20
943,476,CHECKING,19227.49,USD,ACTIVE,2020-02-09 20:59:51
944,476,FIXED_DEPOSIT,18717.76,USD,INACTIVE,2020-02-08 20:59:51
945,477,SAVINGS,994.01,USD,ACTIVE,2021-09-27 02:11:09
946,477,SAVINGS,11390.66,USD,ACTIVE,2021-10-25 02:11:09
947,477,SAVINGS,5225.14,USD,ACTIVE,2021-10-13 02:11:09
948,478,SAVINGS,41209.81,USD,INACTIVE,2024-07-24 11:35:48
949,479,FIXED_DEPOSIT,26062.39,USD,ACTIVE,2020-02-02 04:44:58
950,479,FIXED_DEPOSIT,49774.07,USD,CLOSED,2020-01-27 04:44:58
951,480,CHECKING,37530.77,USD,INACTIVE,2021-03-05 20:38:15
952,480,CHECKING,1054.32,USD,ACTIVE,2021-03-07 20:38:15
953,481,SAVINGS,36730.42,USD,ACTIVE,2021-01-25 13:55:58
954,482,CHECKING,35584.39,USD,ACTIVE,2024-08-17 01:54:26
955,483,CHECKING,38585.36,USD,ACTIVE,2022-04-04 07:08:49
956,483,SAVINGS,33132.3,USD,ACTIVE,2022-04-05 07:08:49
957,483,SAVINGS,34518.51,USD,ACTIVE,2022-03-29 07:08:49
958,484,FIXED_DEPOSIT,12711.64,USD,ACTIVE,2023-12-28 18:59:33
959,485,FIXED_DEPOSIT,31552.54,USD,ACTIVE,2022-02-12 09:50:54
960,485,SAVINGS,33157.9,USD,ACTIVE,2022-02-11 09:50:54
961,485,FIXED_DEPOSIT,6944.46,USD,INACTIVE,2022-03-01 09:50:54
962,486,FIXED_DEPOSIT,30923.13,USD,ACTIVE,2023-01-25 14:11:09
963,486,SAVINGS,24937.18,USD,ACTIVE,2023-02-04 14:11:09
964,486,CHECKING,41591.79,USD,ACTIVE,2023-01-22 14:11:09
965,487,CHECKING,8102.64,USD,ACTIVE,2023-08-29 08:17:39
966,487,SAVINGS,34441.38,USD,ACTIVE,2023-08-27 08:17:39
967,488,SAVINGS,33614.49,USD,ACTIVE,2021-06-13 01:08:11
968,489,FIXED_DEPOSIT,24755.79,USD,ACTIVE,2021-02-04 22:26:54
969,489,FIXED_DEPOSIT,3844.91,USD,ACTIVE,2021-01-28 22:26:54
970,489,CHECKING,32252.41,USD,CLOSED,2021-01-19 22:26:54
971,490,CHECKING,23267.44,USD,ACTIVE,2020-10-16 04:24:44
972,490,SAVINGS,42627.21,USD,ACTIVE,2020-10-24 04:24:44
973,491,CHECKING,36953.16,USD,INACTIVE,2022-06-29 00:32:16
974,491,SAVINGS,582.65,USD,ACTIVE,2022-06-30 00:32:16
975,492,CHECKING,17940.62,USD,CLOSED,2023-03-24 11:12:20
976,493,FIXED_DEPOSIT,4738.27,USD,ACTIVE,2022-05-24 14:35:14
977,493,SAVINGS,20098.8,USD,ACTIVE,2022-05-28 14:35:14
978,494,FIXED_DEPOSIT,42548.51,USD,ACTIVE,2022-01-22 23:43:51
979,494,SAVINGS,5741.52,USD,ACTIVE,2022-01-19 23:43:51
980,495,SAVINGS,20859.78,USD,ACTIVE,2021-10-24 00:45:09
981,496,FIXED_DEPOSIT,21964.32,USD,ACTIVE,2022-07-23 17:42:22
982,496,CHECKING,30606.79,USD,ACTIVE,2022-07-31 17:42:22
983,496,FIXED_DEPOSIT,48674.88,USD,ACTIVE,2022-07-08 17:42:22
984,497,SAVINGS,44390.94,USD,ACTIVE,2024-03-12 06:24:59
985,497,CHECKING,32783.18,USD,ACTIVE,2024-02-27 06:24:59
986,498,FIXED_DEPOSIT,38399.68,USD,ACTIVE,2021-04-09 15:57:56
987,498,SAVINGS,48896.99,USD,INACTIVE,2021-04-12 15:57:56
988,498,FIXED_DEPOSIT,26202.85,USD,ACTIVE,2021-04-13 15:57:56
989,499,FIXED_DEPOSIT,36359.93,USD,ACTIVE,2022-11-05 04:14:34
990,499,FIXED_DEPOSIT,32106.08,USD,ACTIVE,2022-10-25 04:14:34
991,500,FIXED_DEPOSIT,2822.85,USD,INACTIVE,2022-07-01 09:58:01
992,500,FIXED_DEPOSIT,42457.39,USD,ACTIVE,2022-07-08 09:58:01
993,500,SAVINGS,3835.78,USD,ACTIVE,2022-06-26 09:58:01
